Workbook

Sheet Cenrādis
A2: Cenas 2026 - jaunajiem rezidentiem spēkā no 01.01.2026 | B2: Adoro Melodija | H2: Adoro Šampēteris
A3: Aprūpes atkarības līmenis | C3: 1 | D3: 2 | E3: 3 | F3: 4 | H3: 1 | I3: 2 | J3: 3 | K3: 4
A4: Ilglaicīga uzturēšanās (ilgāk par 3 mēnešiem)
A5: cena par dienu | B5: Divvietīgā istabā | C5: 48 | D5: 51 | E5: 58 | F5: 63 | H5: 51 | I5: 55 | J5: 62 | K5: 67
B6: Vienvietīgā istabā | C6: 65 | D6: 70 | E6: 77 | F6: 87 | H6: 69 | I6: 74 | J6: 82 | K6: 94
A7: Īslaicīga uzturēšanās (līdz 3 mēnešiem)
A8: cena par dienu | B8: Divvietīgā istabā | C8: 51 | D8: 55 | E8: 63 | F8: 67 | H8: 55 | I8: 58 | J8: 67 | K8: 71
B9: Vienvietīgā istabā | C9: 69 | D9: 74 | E9: 82 | F9: 95 | H9: 73 | I9: 80 | J9: 88 | K9: 101

Sheet Produkti AM
B1: AM produkti 2026
B2: Produkta nosaukums | C2: Cena, EUR
B3: AM 1 LTC Double (2026) | C3: =Cenrādis!C5 -> 48
B4: AM 1 LTC Single (2026) | C4: =Cenrādis!C6 -> 65
B5: AM 2 LTC Double (2026) | C5: =Cenrādis!D5 -> 51
B6: AM 2 LTC Single (2026) | C6: =Cenrādis!D6 -> 70
B7: AM 3 LTC Double (2026) | C7: =Cenrādis!E5 -> 58
B8: AM 3 LTC Single (2026) | C8: =Cenrādis!E6 -> 77
B9: AM 4 LTC Double (2026) | C9: =Cenrādis!F5 -> 63
B10: AM 4 LTC Single (2026) | C10: =Cenrādis!F6 -> 87
B11: AM 1 STC Double (2026) | C11: =Cenrādis!C8 -> 51
B12: AM 1 STC Single (2026) | C12: =Cenrādis!C9 -> 69
B13: AM 2 STC Double (2026) | C13: =Cenrādis!D8 -> 55
B14: AM 2 STC Single (2026) | C14: =Cenrādis!D9 -> 74
B15: AM 3 STC Double (2026) | C15: =Cenrādis!E8 -> 63
B16: AM 3 STC Single (2026) | C16: =Cenrādis!E9 -> 82
B17: AM 4 STC Double (2026) | C17: =Cenrādis!F8 -> 67
B18: AM 4 STC Single (2026) | C18: =Cenrādis!F9 -> 95

Sheet Produkti AŠ
B1: AŠ produkti 2026
B2: Produkta nosaukums | C2: Cena, EUR
B3: AŠ 1 LTC Double (2026) | C3: =Cenrādis!H5 -> 51
B4: AŠ 1 LTC Single (2026) | C4: =Cenrādis!H6 -> 69
B5: AŠ 2 LTC Double (2026) | C5: =Cenrādis!I5 -> 55
B6: AŠ 2 LTC Single (2026) | C6: =Cenrādis!I6 -> 74
B7: AŠ 3 LTC Double (2026) | C7: =Cenrādis!J5 -> 62
B8: AŠ 3 LTC Single (2026) | C8: =Cenrādis!J6 -> 82
B9: AŠ 4 LTC Double (2026) | C9: =Cenrādis!K5 -> 67
B10: AŠ 4 LTC Single (2026) | C10: =Cenrādis!K6 -> 94
B11: AŠ 1 STC Double (2026) | C11: =Cenrādis!H8 -> 55
B12: AŠ 1 STC Single (2026) | C12: =Cenrādis!H9 -> 73
B13: AŠ 2 STC Double (2026) | C13: =Cenrādis!I8 -> 58
B14: AŠ 2 STC Single (2026) | C14: =Cenrādis!I9 -> 80
B15: AŠ 3 STC Double (2026) | C15: =Cenrādis!J8 -> 67
B16: AŠ 3 STC Single (2026) | C16: =Cenrādis!J9 -> 88
B17: AŠ 4 STC Double (2026) | C17: =Cenrādis!K8 -> 71
B18: AŠ 4 STC Single (2026) | C18: =Cenrādis!K9 -> 101
